﻿<?xml version="1.0" encoding="utf-8" ?>
<control xmlns:def="Definition" xmlns="http://schemas.sitecore.net/Visual-Studio-Intellisense">
	<ItemSelectorDialog>
		<FormDialog Icon="Applications/24x24/folder_document.png"
                Header="Select an item"
                OKButton="OK"
                runat="server">

			<CodeBeside Type="ASR.Controls.ItemSelectorDialog, ASR"/>
			
			<DataContext ID="DataContext"  />

			<GridPanel Width="100%" Height="100%">

				<Border Padding="0 0 8 0" GridPanel.Height="2em">
					<GridPanel Width="100%" Columns="2">
						<Literal Text="Database:&#160;" />

						<Combobox ID="Databases" Change="ChangeDatabase" Width="100%" Padding="0 0 0 4" GridPanel.Width="100%"/>
					</GridPanel>
				</Border>

				<GridPanel Width="100%" Height="100%">

					<Scrollbox Width="100%" Height="100%" Background="white" Border="1px inset" Padding="0" GridPanel.Height="100%">

						<DataTreeview ID="Treeview" DataContext="DataContext" Root="true">
							<TreeHeader>
								<TreeHeaderItem Name="name" Header="Name"/>
								<TreeHeaderItem Name="__Short description" Header="Description"/>
							</TreeHeader>
						</DataTreeview>

					</Scrollbox>

					<Space GridPanel.Height="4px"/>

				</GridPanel>

			</GridPanel>
		</FormDialog>
	</ItemSelectorDialog>
</control>